class,count
/m/05r655,173787
/m/083wq,155416
/m/03bt1vf,117234
/m/04yx4,113747
/m/01xyhv,100410
/m/01bl7v,80307
/m/079cl,61076
/m/0fly7,61076
/m/01d40f,47605
/m/01bqk0,43927
/m/04dr76w,24637
/m/0342h,24264
/m/0bt9lr,21934
/m/03120,20748
/m/0cmf2,16662
/m/0fm3zh,14965
/m/01bfm9,12613
/m/0bt_c3,12027
/m/04_sv,11952
/m/01yrx,11402
/m/07r04,10745
/m/0283dt1,10077
/m/09ddx,9912
/m/07jdr,9845
/m/06z37_,9508
/m/03k3r,9031
/m/01rkbr,8953
/m/01bjv,8891
/m/01c648,8449
/m/01xq0k1,7504
/m/01gkx_,7406
/m/01n4qj,7168
/m/01j51,7046
/m/0h2r6,6876
/m/0dbvp,6331
/m/01599,6169
/m/06m11,5857
/m/02wbtzl,5742
/m/081qc,5650
/m/07fbm7,5471
/m/0fszt,5122
/m/0dv5r,5094
/m/050k8,5072
/m/039xj_,4837
/m/02p5f1q,4688
/m/0ftb8,4426
/m/07j87,4409
/m/025dyy,4401
/m/024g6,4197
/m/01m2v,4017
/m/0cyhj_,3793
/m/05zsy,3653
/m/0ph39,3592
/m/01tcjp,3536
/m/04kkgm,3532
/m/034c16,3201
/m/0pg52,3187
/m/025nd,3187
/m/02fq_6,3178
/m/09728,3090
/m/01jfm_,3085
/m/0dftk,3013
/m/099ssp,3002
/m/0c06p,2990
/m/01226z,2893
/m/02p3w7d,2790
/m/01b638,2732
/m/052sf,2712
/m/08pbxl,2647
/m/01yx86,2626
/m/025rp__,2556
/m/06k2mb,2522
/m/021mn,2513
/m/01z1kdw,2439
/m/03q5c7,2375
/m/015qff,2363
/m/0bwd_0j,2360
/m/080hkjn,2294
/m/05z6w,2274
/m/09b5t,2237
/m/0242l,2183
/m/02s195,2164
/m/02h19r,2155
/m/02jvh9,2082
/m/014j1m,2075
/m/02vqfm,2057
/m/07bgp,2051
/m/0gv1x,1890
/m/04m9y,1890
/m/03fwl,1869
/m/01xqw,1869
/m/019w40,1863
/m/071qp,1856
/m/026qbn5,1820
/m/02l8p9,1759
/m/0gjkl,1724
/m/0663v,1721
/m/0bjyj5,1677
/m/02zn6n,1586
/m/011k07,1577
/m/0cmx8,1534
/m/03grzl,1461
/m/0f6wt,1457
/m/0k1tl,1443
/m/03m3pdh,1441
/m/05kyg_,1421
/m/0gd36,1401
/m/04h7h,1377
/m/0h23m,1359
/m/06_fw,1354
/m/0kmg4,1340
/m/09csl,1337
/m/03fj2,1302
/m/09k_b,1294
/m/09ld4,1263
/m/07cmd,1231
/m/0cdn1,1226
/m/01nq26,1222
/m/05r5c,1211
/m/0cnyhnx,1185
/m/02hj4,1183
/m/016m2d,1170
/m/06ncr,1162
/m/03bk1,1136
/m/096mb,1125
/m/02jz0l,1108
/m/078jl,1083
/m/068zj,1082
/m/01940j,1082
/m/01x_v,1068
/m/09g1w,1018
/m/09d5_,1018
/m/06mf6,993
/m/07dm6,990
/m/04yqq2,989
/m/03g8mr,985
/m/07clx,966
/m/02d9qx,961
/m/0dbzx,960
/m/09qck,935
/m/0h8my_4,891
/m/0120dh,888
/m/0bh9flk,876
/m/09f_2,872
/m/0fj52s,869
/m/01cmb2,857
/m/02zvsm,852
/m/04p0qw,851
/m/0hqkz,848
/m/027pcv,845
/m/05gqfk,839
/m/02zt3,828
/m/084zz,822
/m/015x4r,814
/m/04ctx,805
/m/0c29q,769
/m/0pcr,753
/m/04rmv,748
/m/0hkxq,744
/m/0898b,737
/m/01btn,735
/m/0cn6p,721
/m/0_cp5,720
/m/084rd,711
/m/04c0y,685
/m/0jy4k,676
/m/0cd4d,649
/m/03d443,649
/m/0jly1,628
/m/0703r8,614
/m/029bxz,609
/m/09rvcxw,606
/m/02jfl0,600
/m/03s_tn,593
/m/03c7gz,593
/m/01dwsz,592
/m/020lf,591
/m/01s55n,586
/m/0174k2,575
/m/0jg57,568
/m/01fh4r,560
/m/01_5g,553
/m/0gxl3,552
/m/05_5p_0,543
/m/01dwwc,541
/m/01h8tj,540
/m/0kpqd,539
/m/076bq,534
/m/0449p,525
/m/01fb_0,518
/m/029b3,517
/m/01dxs,515
/m/03qrc,514
/m/05n4y,510
/m/01xs3r,510
/m/08hvt4,507
/m/061_f,499
/m/06j2d,488
/m/0by6g,482
/m/04tn4x,482
/m/0633h,477
/m/0306r,475
/m/0fx9l,446
/m/0dkzw,435
/m/012n7d,428
/m/0dj6p,427
/m/01pns0,425
/m/015x5n,422
/m/06y5r,419
/m/0h8lkj8,415
/m/04ylt,414
/m/01b9xk,410
/m/01h44,408
/m/01dy8n,405
/m/015wgc,392
/m/0176mf,386
/m/04v6l4,363
/m/02pv19,358
/m/02rgn06,355
/m/0jwn_,355
/m/05vtc,345
/m/0dq75,342
/m/047j0r,340
/m/02gzp,331
/m/01lsmm,329
/m/058qzx,328
/m/01lcw4,324
/m/01x3jk,322
/m/054fyh,312
/m/0l14j_,303
/m/04h8sr,289
/m/09gtd,288
/m/0fldg,285
/m/0420v5,280
/m/0ccs93,274
/m/06pcq,265
/m/0162_1,260
/m/0388q,259
/m/0h8n6f9,258
/m/01j3zr,255
/m/01m4t,249
/m/03bbps,249
/m/0wdt60w,231
/m/01f8m5,230
/m/04g2r,230
/m/01f91_,225
/m/0hdln,223
/m/03m3vtv,221
/m/02g30s,213
/m/03v5tg,208
/m/043nyj,201
/m/0fbw6,200
/m/03q5t,192
/m/02w3r3,187
/m/05ctyq,168
/m/02f9f_,167
/m/0frqm,166
/m/01j5ks,163
/m/0d20w4,158
/m/03y6mg,155
/m/06_72j,148
/m/0584n8,147
/m/046dlr,132
/m/02tsc9,120
/m/0lt4_,108
/m/05bm6,103
/m/01kb5b,79
/m/01bms0,69
/m/0cjs7,67
/m/03jbxj,58
/m/02d1br,54
/m/01k6s3,53
/m/02cvgx,33
/m/07dd4,20
/m/0h8ntjv,14
